Workbook

Sheet 8
A1: 津数科技员工工资单 2024年8月
A2: 员工姓名 | B2: 工资总额 | C2: 个人缴纳 | G2: 社保扣除合计 | H2: 公积金 | I2: 个人扣除合计 | J2: 个人所得税 | K2: 应发工资
C3: 养老保险 | D3: 医疗保险 | E3: 失业保险 | F3: 大额医疗
A4: 任国良 | B4: =24000+1000+1454.49 -> 26454.49 | C4: 0 | D4: 0 | E4: 0 | F4: 0 | G4: =C4+D4+E4+F4 -> 0 | H4: =D4+E4+F4+G4 -> 0 | I4: 0 | J4: 643.63 | K4: =B4-J4 -> 25810.86
A5: 张冠群 | B5: =7000+1000+1454.49 -> 9454.49 | C5: 0 | D5: 0 | E5: 0 | F5: 0 | G5: =C5+D5+E5+F5 -> 0 | H5: =D5+E5+F5+G5 -> 0 | I5: 0 | J5: 133.63 | K5: =B5-J5 -> 9320.86
A6: 姜宗德（7月） | B6: 0 | C6: 380.08 | D6: 95.02 | E6: 23.76 | F6: 21 | G6: =C6+D6+E6+F6 -> 519.86 | H6: 116 | I6: =G6+G7+H6+H7 -> 1300.23 | J6: 70.07 | K6: =B7-I6-J6 -> 6629.7
A7: 姜宗德（8月） | B7: =7000+1000 -> 8000 | C7: 401.04 | D7: 100.26 | E7: 25.07 | F7: 22 | G7: =C7+D7+E7+F7 -> 548.37 | H7: 116
A8: 程成 | B8: 2000 | C8: 0 | D8: 0 | E8: 0 | F8: 0 | G8: 0 | H8: 0 | I8: 0 | J8: 0 | K8: =B8-J8 -> 2000
A9: 王瑶瑶 | B9: 2000 | C9: 0 | D9: 0 | E9: 0 | F9: 0 | G9: 0 | H9: 0 | I9: 0 | J9: 0 | K9: =B9-J9 -> 2000
A10: 合计 | B10: =SUM(B4:B9) -> 47908.98 | C10: =SUM(C4:C5) -> 0 | D10: =SUM(D4:D5) -> 0 | E10: =SUM(E4:E5) -> 0 | F10: =SUM(F4:F5) -> 0 | G10: =SUM(G4:G5) -> 0 | I10: 0 | J10: =SUM(J4:J9) -> 847.33 | K10: =SUM(K4:K9) -> 45761.42

Sheet 9
A1: 津数科技员工工资单 2024年9月
A2: 员工姓名 | B2: 工资总额 | C2: 个人缴纳 | G2: 社保扣除合计 | H2: 公积金 | I2: 个人扣除合计 | J2: 个人所得税 | K2: 应发工资
C3: 养老保险 | D3: 医疗保险 | E3: 失业保险 | F3: 大额医疗
A4: 任国良 | B4: =24000+1000+1454.49 -> 26454.49 | C4: 0 | D4: 0 | E4: 0 | F4: 0 | G4: =C4+D4+E4+F4 -> 0 | H4: =D4+E4+F4+G4 -> 0 | I4: 0 | J4: 1127.27 | K4: =B4-G4-H4-J4 -> 25327.22
A5: 张冠群 | B5: =7000+1000+1454.49 -> 9454.49 | C5: 0 | D5: 0 | E5: 0 | F5: 0 | G5: =C5+D5+E5+F5 -> 0 | H5: =D5+E5+F5+G5 -> 0 | I5: 0 | J5: 133.64 | K5: =B5-G5-H5-J5 -> 9320.85
A6: 姜宗德 | B6: =7000+1000 -> 8000 | C6: 401.04 | D6: 100.26 | E6: 25.07 | F6: 22 | G6: =C6+D6+E6+F6 -> 548.37 | H6: 116 | J6: 70.07 | K6: =B6-G6-H6-J6 -> 7265.56
A7: 赵宇涵 | B7: 3000 | C7: 401.04 | D7: 100.26 | E7: 25.07 | F7: 22 | G7: =C7+D7+E7+F7 -> 548.37 | H7: 116 | J7: 0 | K7: =B7-G7-H7-J7 -> 2335.63
A8: 程成 | B8: 2000 | C8: 0 | D8: 0 | E8: 0 | F8: 0 | G8: 0 | H8: 0 | I8: 0 | J8: 0 | K8: =B8-G8-H8-J8 -> 2000
A9: 王瑶瑶 | B9: 2000 | C9: 0 | D9: 0 | E9: 0 | F9: 0 | G9: 0 | H9: 0 | I9: 0 | J9: 0 | K9: =B9-G9-H9-J9 -> 2000
A10: 李明阳（实习） | B10: 2100 | C10: 0 | D10: 0 | E10: 0 | F10: 0 | G10: 0 | H10: 0 | I10: 0 | J10: 0 | K10: =B10-G10-H10-J10 -> 2100
A11: 合计 | B11: =SUM(B4:B10) -> 53008.98 | C11: =SUM(C4:C10) -> 802.08 | D11: =SUM(D4:D10) -> 200.52 | E11: =SUM(E4:E10) -> 50.14 | F11: =SUM(F4:F10) -> 44 | G11: =SUM(G4:G10) -> 1096.74 | H11: =SUM(H4:H10) -> 232 | I11: =SUM(I4:I10) -> 0 | ... K11: =SUM(K4:K10) -> 50349.26

Sheet 10
A1: 津数科技员工工资单 2024年10月
A2: 员工姓名 | B2: 工资总额 | C2: 个人缴纳 | G2: 社保扣除合计 | H2: 公积金 | I2: 个人扣除合计 | J2: 个人所得税 | K2: 应发工资
C3: 养老保险 | D3: 医疗保险 | E3: 失业保险 | F3: 大额医疗
A4: 任国良 | B4: =24000+1000+1454.49 -> 26454.49 | C4: 0 | D4: 0 | E4: 0 | F4: 0 | G4: =C4+D4+E4+F4 -> 0 | H4: =D4+E4+F4+G4 -> 0 | I4: 0 | J4: 2145.45 | K4: =B4-G4-H4-J4 -> 24309.04
A5: 张冠群 | B5: =7000+1000+1454.49 -> 9454.49 | C5: 0 | D5: 0 | E5: 0 | F5: 0 | G5: =C5+D5+E5+F5 -> 0 | H5: =D5+E5+F5+G5 -> 0 | I5: 0 | J5: 133.63 | K5: =B5-G5-H5-J5 -> 9320.86
A6: 姜宗德 | B6: =7000+1000 -> 8000 | C6: 401.04 | D6: 100.26 | E6: 25.07 | F6: 21 | G6: =C6+D6+E6+F6 -> 547.37 | H6: 116 | I6: =G6+H6 -> 663.37 | J6: 0 | K6: =B6-G6-H6-J6 -> 7336.63
A7: 赵宇涵 | B7: 3000 | C7: 401.04 | D7: 100.26 | E7: 25.07 | F7: 21 | G7: =C7+D7+E7+F7 -> 547.37 | H7: 116 | I7: =G7+H7 -> 663.37 | J7: 0 | K7: =B7-G7-H7-J7 -> 2336.63
A8: 程成 | B8: 2000 | C8: 0 | D8: 0 | E8: 0 | F8: 0 | G8: 0 | H8: 0 | I8: 0 | J8: 0 | K8: =B8-G8-H8-J8 -> 2000
A9: 王瑶瑶 | B9: 2000 | C9: 0 | D9: 0 | E9: 0 | F9: 0 | G9: 0 | H9: 0 | I9: 0 | J9: 0 | K9: =B9-G9-H9-J9 -> 2000
A10: 合计 | B10: =SUM(B4:B9) -> 50908.98 | C10: =SUM(C4:C9) -> 802.08 | D10: =SUM(D4:D9) -> 200.52 | E10: =SUM(E4:E9) -> 50.14 | F10: =SUM(F4:F9) -> 42 | G10: =SUM(G4:G9) -> 1094.74 | H10: =SUM(H4:H9) -> 232 | I10: =SUM(I4:I9) -> 1326.74 | ... K10: =SUM(K4:K9) -> 47303.16

Sheet 11
A1: 津数科技员工工资单 2024年11月
A2: 员工姓名 | B2: 工资总额 | C2: 个人缴纳 | G2: 社保扣除合计 | H2: 公积金 | I2: 个人扣除合计 | J2: 个人所得税 | K2: 应发工资
C3: 养老保险 | D3: 医疗保险 | E3: 失业保险 | F3: 大额医疗
A4: 任国良 | B4: =24000+1000+1454.49 -> 26454.49 | C4: 0 | D4: 0 | E4: 0 | F4: 0 | G4: =C4+D4+E4+F4 -> 0 | H4: =D4+E4+F4+G4 -> 0 | I4: 0 | J4: 2145.45 | K4: =B4-G4-H4-J4 -> 24309.04
A5: 张冠群 | B5: =7000+1000+1454.49 -> 9454.49 | C5: 0 | D5: 0 | E5: 0 | F5: 0 | G5: =C5+D5+E5+F5 -> 0 | H5: =D5+E5+F5+G5 -> 0 | I5: 0 | J5: 133.64 | K5: =B5-G5-H5-J5 -> 9320.85
A6: 姜宗德 | B6: =7000+1000 -> 8000 | C6: 401.04 | D6: 100.26 | E6: 25.07 | F6: 22 | G6: =C6+D6+E6+F6 -> 548.37 | H6: 116 | I6: =G6+H6 -> 664.37 | J6: 0 | K6: =B6-G6-H6-J6 -> 7335.63
A7: 赵宇涵 | B7: 3000 | C7: 401.04 | D7: 100.26 | E7: 25.07 | F7: 22 | G7: =C7+D7+E7+F7 -> 548.37 | H7: 116 | I7: =G7+H7 -> 664.37 | J7: 0 | K7: =B7-G7-H7-J7 -> 2335.63
A8: 程成 | B8: 2000 | C8: 0 | D8: 0 | E8: 0 | G8: 0 | H8: 0 | I8: 0 | J8: 0 | K8: =B8-G8-H8-J8 -> 2000
A9: 王瑶瑶 | B9: 2000 | C9: 0 | D9: 0 | E9: 0 | F9: 0 | G9: 0 | H9: 0 | I9: 0 | J9: 0 | K9: =B9-G9-H9-J9 -> 2000
A10: 合计 | B10: =SUM(B4:B9) -> 50908.98 | C10: =SUM(C4:C9) -> 802.08 | D10: =SUM(D4:D9) -> 200.52 | E10: =SUM(E4:E9) -> 50.14 | F10: =SUM(F4:F9) -> 44 | G10: =SUM(G4:G9) -> 1096.74 | H10: =SUM(H4:H9) -> 232 | I10: =SUM(I4:I9) -> 1328.74 | ... K10: =SUM(K4:K9) -> 47301.15

Sheet 12
A1: 津数科技员工工资单 2024年12月
A2: 员工姓名 | B2: 工资总额 | C2: 个人缴纳 | G2: 社保扣除合计 | H2: 公积金 | I2: 个人扣除合计 | J2: 个人所得税 | K2: 应发工资
C3: 养老保险 | D3: 医疗保险 | E3: 失业保险 | F3: 大额医疗
A4: 任国良 | B4: =24000+1000+1454.49 -> 26454.49 | C4: 0 | D4: 0 | E4: 0 | F4: 0 | G4: =C4+D4+E4+F4 -> 0 | H4: =D4+E4+F4+G4 -> 0 | I4: 0 | J4: 2145.45 | K4: =B4-G4-H4-J4 -> 24309.04
A5: 张冠群 | B5: =7000+1000+1454.49 -> 9454.49 | C5: 0 | D5: 0 | E5: 0 | F5: 0 | G5: =C5+D5+E5+F5 -> 0 | H5: =D5+E5+F5+G5 -> 0 | I5: 0 | J5: 133.63 | K5: =B5-G5-H5-J5 -> 9320.86
A6: 姜宗德 | B6: =7000+1000 -> 8000 | C6: 401.04 | D6: 100.26 | E6: 25.07 | F6: 22 | G6: =C6+D6+E6+F6 -> 548.37 | H6: 116 | I6: =G6+H6 -> 664.37 | J6: 0 | K6: =B6-G6-H6-J6 -> 7335.63
A7: 赵宇涵 | B7: 3000 | C7: 401.04 | D7: 100.26 | E7: 25.07 | F7: 22 | G7: =C7+D7+E7+F7 -> 548.37 | H7: 116 | I7: =G7+H7 -> 664.37 | J7: 0 | K7: =B7-G7-H7-J7 -> 2335.63
A8: 程成 | B8: 2000 | C8: 0 | D8: 0 | E8: 0 | G8: 0 | H8: 0 | I8: 0 | J8: 0 | K8: =B8-G8-H8-J8 -> 2000
A9: 王瑶瑶 | B9: 2000 | C9: 0 | D9: 0 | E9: 0 | F9: 0 | G9: 0 | H9: 0 | I9: 0 | J9: 0 | K9: =B9-G9-H9-J9 -> 2000
A10: 合计 | B10: =SUM(B4:B9) -> 50908.98 | C10: =SUM(C4:C9) -> 802.08 | D10: =SUM(D4:D9) -> 200.52 | E10: =SUM(E4:E9) -> 50.14 | F10: =SUM(F4:F9) -> 44 | G10: =SUM(G4:G9) -> 1096.74 | H10: =SUM(H4:H9) -> 232 | I10: =SUM(I4:I9) -> 1328.74 | ... K10: =SUM(K4:K9) -> 47301.16
A12: 2024.8-12月工资汇总
A13: 人员 | B13: 工资总额
A14: 任国良 | B14: ='8'!B4+'9'!B4+'10'!B4+'11'!B4+B4 -> 132272.45
A15: 张冠群 | B15: ='8'!B5+'9'!B5+'10'!B5+'11'!B5+B5 -> 47272.45
A16: 姜宗德 | B16: ='8'!B7+'9'!B6+'10'!B6+'11'!B6+B6 -> 40000
A17: 赵宇涵 | B17: ='9'!B7+'10'!B7+'11'!B7+B7+6300 -> 18300
A18: 程成 | B18: ='8'!B9+'9'!B9+'10'!B9++'11'!B9+B9 -> 10000
A19: 王瑶瑶 | B19: 10000
A20: 李明阳 | B20: 6300
A21: 其他人员 | B21: 108000

Sheet Sheet3
